{"stats":{"minecraft:killed_by":{"minecraft:player":6},"minecraft:custom":{"minecraft:time_since_rest":11456,"minecraft:crouch_one_cm":7392,"minecraft:sprint_one_cm":69708,"minecraft:play_time":91087,"minecraft:deaths":6,"minecraft:damage_taken":6502,"minecraft:walk_one_cm":68370,"minecraft:sneak_time":6314,"minecraft:drop":6,"minecraft:aviate_one_cm":716770,"minecraft:jump":417,"minecraft:leave_game":2,"minecraft:time_since_death":11430,"minecraft:climb_one_cm":704,"minecraft:total_world_time":91087,"minecraft:fall_one_cm":12300,"minecraft:fly_one_cm":1017969,"minecraft:player_kills":1},"minecraft:used":{"minecraft:crimson_nylium":14,"minecraft:stone_bricks":8,"minecraft:oak_log":9,"minecraft:oak_fence":32,"minecraft:white_wool":2,"minecraft:lava_bucket":24,"minecraft:firework_rocket":139,"minecraft:flint_and_steel":117,"minecraft:command_block":1,"minecraft:oak_slab":7,"minecraft:lantern":1,"minecraft:oak_stairs":5,"minecraft:elytra":3,"minecraft:stone":455,"minecraft:spruce_fence":1,"minecraft:warped_planks":66},"minecraft:dropped":{"minecraft:stone":1,"minecraft:spruce_fence":1,"minecraft:firework_rocket":4},"minecraft:picked_up":{"minecraft:stone":1}},"DataVersion":2730}