{"stats":{"minecraft:killed_by":{"minecraft:player":1},"minecraft:custom":{"minecraft:interact_with_anvil":3,"minecraft:mob_kills":1,"minecraft:leave_game":38,"minecraft:time_since_death":586688,"minecraft:climb_one_cm":5047,"minecraft:sprint_one_cm":913509,"minecraft:walk_one_cm":1310733,"minecraft:drop":54,"minecraft:play_time":2545099,"minecraft:deaths":3,"minecraft:sneak_time":189597,"minecraft:walk_under_water_one_cm":268398,"minecraft:jump":5462,"minecraft:walk_on_water_one_cm":61799,"minecraft:total_world_time":4590121,"minecraft:time_since_rest":586715,"minecraft:damage_taken":1216,"minecraft:damage_dealt":166,"minecraft:swim_one_cm":42067,"minecraft:fly_one_cm":31390616,"minecraft:open_chest":3,"minecraft:crouch_one_cm":64748,"minecraft:aviate_one_cm":1418933,"minecraft:fall_one_cm":4398},"minecraft:used":{"minecraft:oak_trapdoor":19,"minecraft:oak_fence":226,"minecraft:polished_granite_stairs":34,"minecraft:iron_bars":130,"minecraft:light_blue_stained_glass_pane":153,"minecraft:polished_deepslate":1482,"minecraft:orange_concrete":17,"minecraft:flint_and_steel":8,"minecraft:cut_red_sandstone_slab":33,"minecraft:smooth_quartz_slab":16,"minecraft:red_sandstone_slab":66,"minecraft:spruce_slab":859,"minecraft:redstone":7,"minecraft:ladder":49,"minecraft:oak_sign":87,"minecraft:spruce_planks":261,"minecraft:chest":1,"minecraft:stone":14716,"minecraft:smooth_sandstone_stairs":686,"minecraft:player_head":3,"minecraft:structure_block":147,"minecraft:netherrack":5,"minecraft:cut_copper_stairs":5,"minecraft:soul_campfire":3,"minecraft:orange_stained_glass":2,"minecraft:torch":9,"minecraft:chiseled_red_sandstone":4901,"minecraft:dirt":41,"minecraft:soul_sand":40,"minecraft:anvil":2,"minecraft:white_carpet":20,"minecraft:spruce_stairs":565,"minecraft:orange_wool":663,"minecraft:oak_wood":3,"minecraft:polished_granite_slab":71,"minecraft:spruce_fence":872,"minecraft:light_blue_stained_glass":21,"minecraft:obsidian":36,"minecraft:polished_deepslate_stairs":1241,"minecraft:andesite_wall":2,"minecraft:red_sandstone_stairs":1898,"minecraft:glass":57,"minecraft:dark_oak_planks":2,"minecraft:waxed_oxidized_copper":4,"minecraft:lava_bucket":307,"minecraft:villager_spawn_egg":6,"minecraft:quartz_pillar":30,"minecraft:lantern":272,"minecraft:red_wool":1906,"minecraft:iron_block":58,"minecraft:grass_block":186,"minecraft:oak_stairs":174,"minecraft:jungle_log":43,"minecraft:spruce_button":2,"minecraft:smooth_sandstone":3874,"minecraft:polished_andesite_stairs":1538,"minecraft:polished_deepslate_wall":72,"minecraft:quartz_block":4,"minecraft:smooth_quartz":22,"minecraft:crimson_planks":12,"minecraft:stone_brick_stairs":46,"minecraft:stone_bricks":139,"minecraft:smooth_basalt":2,"minecraft:light_gray_wool":97,"minecraft:magma_block":10,"minecraft:red_carpet":20,"minecraft:redstone_lamp":13,"minecraft:warped_stairs":64,"minecraft:bow":34,"minecraft:magenta_wool":1498,"minecraft:oak_sapling":12,"minecraft:deepslate_tile_stairs":1,"minecraft:skeleton_skull":10,"minecraft:polished_blackstone_stairs":21,"minecraft:water_bucket":790,"minecraft:mossy_stone_bricks":22,"minecraft:sandstone_stairs":43,"minecraft:spruce_door":10,"minecraft:lodestone":702,"minecraft:wither_skeleton_skull":11,"minecraft:polished_andesite":3328,"minecraft:dark_oak_sign":33,"minecraft:lime_wool":354,"minecraft:oak_planks":22,"minecraft:smooth_sandstone_slab":168,"minecraft:blue_wool":168,"minecraft:blackstone":2,"minecraft:sandstone":215,"minecraft:cut_sandstone":16,"minecraft:spruce_sign":2,"minecraft:spruce_fence_gate":2,"minecraft:polished_blackstone_bricks":69,"minecraft:smooth_quartz_stairs":13,"minecraft:white_wool":1373,"minecraft:polished_deepslate_slab":208,"minecraft:vine":361,"minecraft:cut_sandstone_slab":2,"minecraft:oak_slab":307,"minecraft:light_blue_wool":530,"minecraft:smooth_red_sandstone":278,"minecraft:campfire":9,"minecraft:sponge":113,"minecraft:stone_brick_wall":115,"minecraft:smooth_red_sandstone_stairs":61,"minecraft:deepslate_tiles":22,"minecraft:redstone_torch":2,"minecraft:oak_log":1224,"minecraft:netherite_block":817,"minecraft:lever":6,"minecraft:red_sandstone":25,"minecraft:black_wool":157,"minecraft:firework_rocket":433,"minecraft:chiseled_sandstone":1,"minecraft:dark_oak_log":21,"minecraft:string":21,"minecraft:brown_wool":125,"minecraft:barrier":50,"minecraft:cyan_concrete":4,"minecraft:stone_slab":139,"minecraft:polished_granite":599,"minecraft:cut_red_sandstone":5,"minecraft:polished_andesite_slab":504,"minecraft:flowering_azalea_leaves":145,"minecraft:yellow_wool":3509,"minecraft:soul_lantern":4,"minecraft:stripped_warped_hyphae":1005,"minecraft:chiseled_stone_bricks":220,"minecraft:smooth_red_sandstone_slab":3,"minecraft:sandstone_slab":71,"minecraft:chain":199,"minecraft:white_concrete":18,"minecraft:kelp":37,"minecraft:gray_wool":28,"minecraft:bone_meal":57,"minecraft:purple_wool":632,"minecraft:candle":2},"minecraft:dropped":{"minecraft:oak_slab":1,"minecraft:candle":128,"minecraft:soul_sand":1,"minecraft:smooth_quartz_stairs":64,"minecraft:red_sandstone":64,"minecraft:lantern":1,"minecraft:red_wool":1,"minecraft:cracked_stone_bricks":1,"minecraft:red_sandstone_wall":64,"minecraft:grass_block":4,"minecraft:spruce_fence_gate":64,"minecraft:smooth_red_sandstone":64,"minecraft:lodestone":64,"minecraft:smooth_quartz":64,"minecraft:smooth_quartz_slab":64,"minecraft:polished_andesite_stairs":1,"minecraft:smooth_red_sandstone_slab":64,"minecraft:white_wool":1,"minecraft:polished_deepslate":1,"minecraft:kelp":29,"minecraft:blackstone":64,"minecraft:dark_oak_sign":14,"minecraft:cut_red_sandstone_slab":64,"minecraft:chiseled_red_sandstone":64,"minecraft:yellow_wool":1,"minecraft:soul_lantern":1,"minecraft:orange_concrete":64,"minecraft:oak_planks":1,"minecraft:structure_block":1,"minecraft:red_sandstone_slab":64,"minecraft:orange_stained_glass":64,"minecraft:cut_red_sandstone":64,"minecraft:chiseled_stone_bricks":1,"minecraft:stone":3,"minecraft:petrified_oak_slab":1,"minecraft:spruce_planks":1,"minecraft:quartz_stairs":64,"minecraft:mossy_stone_bricks":1,"minecraft:ladder":32,"minecraft:stone_bricks":1,"minecraft:spruce_slab":64,"minecraft:iron_bars":64,"minecraft:smooth_red_sandstone_stairs":64,"minecraft:magma_block":1,"minecraft:stone_brick_stairs":1,"minecraft:red_sandstone_stairs":64,"minecraft:magenta_wool":1},"minecraft:picked_up":{"minecraft:redstone_lamp":1,"minecraft:stripped_warped_hyphae":1,"minecraft:ladder":35,"minecraft:red_sandstone_stairs":64,"minecraft:yellow_wool":1,"minecraft:structure_block":1,"minecraft:gilded_blackstone":64,"minecraft:stone_brick_stairs":1,"minecraft:chain":64,"minecraft:polished_deepslate_wall":64,"minecraft:polished_deepslate":65,"minecraft:orange_stained_glass":64,"minecraft:orange_concrete":64,"minecraft:white_carpet":13,"minecraft:blackstone":128,"minecraft:oak_sign":12,"minecraft:smooth_red_sandstone_slab":64,"minecraft:cracked_stone_bricks":1,"minecraft:candle":128,"minecraft:spruce_planks":1,"minecraft:redstone_torch":1,"minecraft:smooth_quartz":64,"minecraft:spruce_slab":64,"minecraft:quartz_stairs":64,"minecraft:smooth_quartz_stairs":64,"minecraft:polished_deepslate_slab":64,"minecraft:stone":2,"minecraft:polished_deepslate_stairs":64,"minecraft:cut_red_sandstone_slab":64,"minecraft:red_sandstone_slab":64,"minecraft:petrified_oak_slab":1,"minecraft:iron_bars":128,"minecraft:white_wool":1,"minecraft:smooth_red_sandstone_stairs":64,"minecraft:smooth_red_sandstone":65,"minecraft:lantern":8,"minecraft:red_carpet":9,"minecraft:stone_bricks":1,"minecraft:kelp":30,"minecraft:red_sandstone":64,"minecraft:dark_oak_sign":12,"minecraft:mossy_stone_bricks":1,"minecraft:polished_andesite_slab":64,"minecraft:oak_planks":1,"minecraft:oak_slab":1,"minecraft:polished_andesite_stairs":65,"minecraft:red_sandstone_wall":64,"minecraft:chiseled_stone_bricks":1,"minecraft:grass_block":2,"minecraft:cut_red_sandstone":64,"minecraft:polished_andesite":64,"minecraft:spruce_fence_gate":64,"minecraft:soul_lantern":1,"minecraft:lodestone":128,"minecraft:chiseled_red_sandstone":64,"minecraft:black_wool":1,"minecraft:smooth_quartz_slab":64},"minecraft:killed":{"minecraft:bat":1}},"DataVersion":2730}